Date;Libellé;Montant
01/09/2026;PRLV SEPA LOYER APPARTEMENT;-850,00
02/09/2026;PRLV SEPA NETFLIX.COM;-13,49
02/09/2026;PRLV SEPA DISNEY PLUS;-9,99
03/09/2026;PRLV SEPA BASIC-FIT;-24,99
03/09/2026;PRLV SEPA SPOTIFY;-11,99
04/09/2026;PRLV SEPA SFR MOBILE;-19,99
05/09/2026;PRLV SEPA EDF;-62,40
05/09/2026;PRLV SEPA MAIF ASSURANCE;-28,50
06/09/2026;CARTE 06/09 CARREFOUR MARKET;-92,30
08/09/2026;CARTE 08/09 UBER EATS;-27,80
09/09/2026;CARTE 09/09 CARREFOUR MARKET;-71,60
10/09/2026;CARTE 10/09 RESTAURANT LE COMPTOIR;-54,00
12/09/2026;CARTE 12/09 BRASSERIE DU PORT;-42,50
13/09/2026;CARTE 13/09 AMAZON;-45,90
15/09/2026;CARTE 15/09 UBER EATS;-31,20
16/09/2026;CARTE 16/09 TOTAL ACCESS;-58,20
17/09/2026;CARTE 17/09 PIZZERIA ITALIA;-24,00
20/09/2026;CARTE 20/09 FNAC;-39,99
25/09/2026;VIR SALAIRE SEPTEMBRE;2350,00
01/10/2026;PRLV SEPA LOYER APPARTEMENT;-850,00
02/10/2026;PRLV SEPA NETFLIX.COM;-13,49
02/10/2026;PRLV SEPA DISNEY PLUS;-9,99
03/10/2026;PRLV SEPA BASIC-FIT;-24,99
03/10/2026;PRLV SEPA SPOTIFY;-11,99
04/10/2026;PRLV SEPA SFR MOBILE;-19,99
05/10/2026;PRLV SEPA EDF;-62,40
05/10/2026;PRLV SEPA MAIF ASSURANCE;-28,50
05/10/2026;CARTE 05/10 CARREFOUR MARKET;-88,10
